{"cameraMode":{"drawMode":0,"name":"Shaded","section":"Shading Mode"},"sceneLighting":false,"audioPlay":false,"sceneViewState":{"showFog":true,"showMaterialUpdate":false,"showSkybox":false,"showFlares":true,"showImageEffects":true,"showParticleSystems":true},"in2DMode":false,"pivot":{"x":-1.520076036453247,"y":0.7353219985961914,"z":-1.6434597969055176},"rotation":{"x":0.14078684151172639,"y":0.4179191291332245,"z":-0.06574121862649918,"w":0.8951136469841003},"size":0.028379201889038087,"orthographic":false}