{"cameraMode":{"drawMode":0,"name":"Shaded","section":"Shading Mode"},"sceneLighting":false,"audioPlay":false,"sceneViewState":{"showFog":true,"showMaterialUpdate":false,"showSkybox":false,"showFlares":true,"showImageEffects":true,"showParticleSystems":true},"in2DMode":false,"pivot":{"x":0.6093534231185913,"y":1.4843887090682984,"z":1.2027039527893067},"rotation":{"x":0.1261930912733078,"y":0.2818625867366791,"z":-0.037434160709381106,"w":0.9503964781761169},"size":0.5613347887992859,"orthographic":false}