{"cameraMode":{"drawMode":0,"name":"Shaded","section":"Shading Mode"},"sceneLighting":true,"audioPlay":false,"sceneViewState":{"showFog":true,"showMaterialUpdate":false,"showSkybox":true,"showFlares":true,"showImageEffects":true,"showParticleSystems":true},"in2DMode":false,"pivot":{"x":-14.246981620788575,"y":12.368244171142579,"z":-24.591129302978517},"rotation":{"x":0.19333048164844514,"y":0.31334415078163149,"z":-0.0653252825140953,"w":0.9274686574935913},"size":3.226893663406372,"orthographic":false}