{"cameraMode":{"drawMode":0,"name":"Shaded","section":"Shading Mode"},"sceneLighting":false,"audioPlay":false,"sceneViewState":{"showFog":true,"showMaterialUpdate":false,"showSkybox":false,"showFlares":true,"showImageEffects":true,"showParticleSystems":true},"in2DMode":false,"pivot":{"x":1.2374516725540162,"y":-0.44680845737457278,"z":0.8291630148887634},"rotation":{"x":-0.12695284187793733,"y":-0.48118776082992556,"z":0.07066494226455689,"w":-0.8645007610321045},"size":1.3436205387115479,"orthographic":false}